metadata_key,metadata_value
timestamp,2025-11-07T13:02:06.931423
batch_size,32
num_epochs,10
lr_new_layer,0.01
lr_fine_tune,0.001
input_size,224
train_limit,1000
model_save_path,./arthritis_classifier.pth
device,mps
train_samples,1000
val_samples,673

epoch,train_loss,val_loss,train_acc,val_acc
1,0.7602308695316314,0.7868769795848758,0.6729999780654907,0.7265973091125488
2,0.4857664468288422,0.5180846378438999,0.7829999923706055,0.7845467925071716
3,0.41979934453964235,0.5270496866411327,0.8130000233650208,0.7890044450759888
4,0.38222204375267027,0.5952029650931262,0.8349999785423279,0.7488855719566345
5,0.3490287147164345,0.4839005705638945,0.8429999947547913,0.7682020664215088
6,0.32227899312973024,0.4828572897448095,0.8629999756813049,0.7994056344032288
7,0.31493175387382505,0.5169347933909397,0.8579999804496765,0.7845467925071716
8,0.33632243490219116,0.49610353126584994,0.859000027179718,0.7578008770942688
9,0.2753342294692993,0.5313293238628495,0.8899999856948853,0.7637444138526917
10,0.2752646653652191,0.580842826908446,0.8730000257492065,0.7771173715591431
