metadata_key,metadata_value
timestamp,2025-11-07T12:58:42.920002
batch_size,32
num_epochs,10
lr_new_layer,0.01
lr_fine_tune,0.001
input_size,224
train_limit,600
model_save_path,./arthritis_classifier.pth
device,mps
train_samples,600
val_samples,673

epoch,train_loss,val_loss,train_acc,val_acc
1,0.7136327791213989,2.562192931040612,0.6416666507720947,0.560178279876709
2,0.46119155883789065,0.6610246168046997,0.7983333468437195,0.7176820039749146
3,0.41386706829071046,0.5312160728319395,0.8183333277702332,0.7488855719566345
4,0.36737764914830523,0.6800736116403147,0.8349999785423279,0.7340267300605774
5,0.38075892130533856,1.1951458424019779,0.8500000238418579,0.647845447063446
6,0.39226347287495933,0.6906970218875699,0.82833331823349,0.7355126142501831
7,0.301573946873347,0.5548786690144178,0.875,0.7890044450759888
8,0.2470912750562032,0.641117646786513,0.8949999809265137,0.7682020664215088
9,0.24205827047427494,0.7311034957272171,0.9016666412353516,0.751857340335846
10,0.3062046647071838,0.5728449276904471,0.875,0.7503714561462402
